{"stat.walkOneCm":17607,"stat.playerKills":1,"stat.craftItem.minecraft.planks":12,"stat.leaveGame":1,"stat.damageTaken":250,"stat.killEntity.mocreatures:panther":1,"stat.craftItem.minecraft.crafting_table":1,"stat.drop.minecraft.dirt":1,"stat.useItem.mutantbeasts.chemical_x":1,"stat.mobKills":2,"stat.mineBlock.minecraft.log":3,"stat.pickup.minecraft.log":3,"stat.flyOneCm":135190,"stat.deaths":1,"stat.drop":1,"stat.pickup.minecraft.brown_mushroom":1,"stat.jump":97,"stat.playOneMinute":12030,"stat.pickup.mocreatures.bigcatclaw":2,"stat.fallOneCm":3011,"stat.useItem.minecraft.planks":2,"stat.sneakTime":381,"stat.killEntity.mocreatures:fly":1,"stat.damageDealt":562,"stat.crouchOneCm":40,"stat.timeSinceDeath":4282,"stat.useItem.minecraft.wooden_axe":9,"stat.pickup.minecraft.dirt":2,"stat.sprintOneCm":19174,"stat.mineBlock.minecraft.dirt":1,"stat.useItem.minecraft.spawn_egg":1,"stat.useItem.minecraft.stone_slab2":2,"stat.craftItem.minecraft.stick":4,"stat.craftItem.minecraft.wooden_axe":1,"stat.craftingTableInteraction":1}