{"stat.pickup.tconstruct.book":1,"stat.pickup.minecraft.bone":9,"stat.craftItem.minecraft.acacia_boat":1,"stat.pickup.minecraft.stone_pressure_plate":2,"stat.useItem.minecraft.iron_axe":43,"stat.leaveGame":2,"stat.craftItem.minecraft.iron_axe":1,"stat.mineBlock.minecraft.sandstone":27,"stat.swimOneCm":6146,"stat.useItem.minecraft.planks":3,"stat.drop.minecraft.feather":4,"stat.pickup.minecraft.porkchop":3,"stat.useItem.minecraft.stone_slab2":29,"stat.pickup.minecraft.sand":1,"stat.drop.evilcraft.werewolf_flesh":1,"stat.useItem.minecraft.egg":4,"stat.craftItem.minecraft.iron_boots":1,"stat.flyOneCm":273797,"stat.pickup.minecraft.sandstone":26,"stat.pickup.quark.tallow":5,"stat.pickup.minecraft.acacia_boat":1,"stat.timeSinceDeath":28898,"stat.pickup.cqrepoured.staff_healing":1,"stat.pickup.minecraft.stained_hardened_clay":1,"stat.craftItem.minecraft.wooden_pickaxe":1,"stat.furnaceInteraction":2,"stat.pickup.srparasites.lurecomponent1":1,"stat.pickup.tombstone.crafting_ingredient":2,"stat.pickup.travellersbackpack.travellers_backpack":2,"stat.mineBlock.minecraft.stained_hardened_clay":1,"stat.sprintOneCm":140047,"stat.craftItem.minecraft.stick":12,"stat.pickup.tombstone.magic_scroll":1,"stat.mineBlock.minecraft.crafting_table":2,"stat.useItem.minecraft.carrot":18,"stat.pickup.minecraft.leather_leggings":1,"stat.deaths":2,"stat.mineBlock.minecraft.planks":13,"stat.drop":10,"stat.pickup.minecraft.egg":4,"stat.playOneMinute":41581,"stat.useItem.minecraft.wooden_sword":21,"stat.mineBlock.minecraft.stone_pressure_plate":2,"stat.killEntity.cqr_skeleton":10,"stat.craftItem.minecraft.iron_pickaxe":1,"stat.killEntity.Zombie":2,"stat.useItem.cqrepoured.great_sword_iron":6,"stat.mineBlock.minecraft.tallgrass":6,"stat.diveOneCm":6209,"stat.chestOpened":25,"stat.drop.minecraft.wooden_pickaxe":1,"stat.pickup.minecraft.arrow":13,"stat.useItem.minecraft.chicken":1,"stat.useItem.minecraft.apple":1,"stat.useItem.minecraft.porkchop":6,"stat.jump":1209,"stat.fallOneCm":33432,"stat.pickup.minecraft.carrot":18,"stat.drop.minecraft.wooden_sword":1,"stat.crouchOneCm":6197,"stat.craftingTableInteraction":4,"stat.boatOneCm":8426,"stat.mineBlock.minecraft.log2":2,"stat.brewingstandInteraction":2,"stat.damageTaken":1080,"stat.pickup.minecraft.feather":4,"stat.mineBlock.minecraft.torch":3,"stat.useItem.minecraft.wooden_pickaxe":30,"stat.craftItem.minecraft.wooden_sword":1,"stat.pickup.minecraft.log2":2,"stat.pickup.minecraft.planks":13,"stat.pickup.minecraft.reeds":9,"tombstone:undead_killed":12,"stat.damageDealt":3146,"stat.sleepInBed":1,"stat.killEntity.Pig":2,"stat.entityKilledBy.mutantbeasts.endersoul_clone":1,"stat.walkOneCm":126670,"stat.useItem.minecraft.torch":1,"stat.drop.tombstone.crafting_ingredient":1,"stat.useItem.minecraft.log":1,"stat.pickup.minecraft.crafting_table":2,"stat.craftItem.minecraft.crafting_table":1,"stat.craftItem.minecraft.boat":1,"stat.pickup.minecraft.log":6,"stat.useItem.tombstone.gift":1,"stat.drop.minecraft.sapling":1,"stat.pickup.minecraft.chicken":1,"stat.pickup.minecraft.sapling":1,"stat.craftItem.minecraft.planks":28,"stat.killEntity.Chicken":1,"stat.useItem.minecraft.acacia_boat":1,"stat.mobKills":16,"stat.mineBlock.minecraft.log":6,"stat.mineBlock.minecraft.leaves":2,"stat.pickup.minecraft.torch":3,"stat.sneakTime":2097,"stat.drop.tconstruct.book":1,"stat.useItem.minecraft.sandstone":18}