{"stat.pickup.minecraft.bone":4,"stat.leaveGame":1,"stat.mineBlock.minecraft.cobblestone":6,"stat.useItem.minecraft.mutton":1,"stat.swimOneCm":2853,"stat.climbOneCm":207,"stat.useItem.minecraft.planks":23,"stat.craftItem.minecraft.shield":1,"stat.pickup.minecraft.porkchop":17,"stat.useItem.minecraft.stone_slab2":3,"stat.useItem.minecraft.egg":1,"stat.craftItem.minecraft.stone_axe":2,"stat.craftItem.minecraft.stone_pickaxe":1,"stat.killEntity.Enderman":1,"stat.pickup.minecraft.cobblestone":11,"stat.pickup.minecraft.leather_boots":1,"stat.flyOneCm":563553,"stat.drop.minecraft.wheat_seeds":1,"stat.pickup.quark.tallow":16,"stat.timeSinceDeath":2664,"stat.craftItem.minecraft.wooden_pickaxe":1,"stat.pickup.minecraft.mutton":5,"stat.talkedToVillager":1,"stat.pickup.minecraft.string":2,"stat.pickup.minecraft.furnace":2,"stat.pickup.minecraft.leather_helmet":1,"stat.sprintOneCm":214325,"stat.craftItem.minecraft.stick":12,"stat.entityKilledBy.mutantbeasts.mutant_skeleton":3,"stat.mineBlock.minecraft.crafting_table":3,"stat.killEntity.Husk":1,"stat.useItem.minecraft.carrot":10,"stat.mineBlock.minecraft.planks":11,"stat.deaths":5,"stat.drop":3,"stat.pickup.minecraft.egg":1,"stat.playOneMinute":51567,"stat.killEntity.Sheep":5,"stat.killEntity.cqr_skeleton":5,"stat.craftItem.minecraft.iron_pickaxe":1,"stat.mineBlock.minecraft.tallgrass":15,"stat.diveOneCm":4395,"stat.pickup.minecraft.wheat":6,"stat.chestOpened":9,"stat.pickup.minecraft.arrow":7,"stat.pickup.minecraft.stone_axe":1,"stat.jump":2076,"stat.fallOneCm":62961,"stat.pickup.minecraft.carrot":80,"stat.useItem.minecraft.stone_axe":89,"stat.craftItem.minecraft.bread":2,"stat.crouchOneCm":1944,"stat.pickup.minecraft.spider_eye":1,"stat.pickup.minecraft.dirt":1,"stat.craftingTableInteraction":6,"stat.damageTaken":1662,"stat.pickup.minecraft.feather":2,"stat.mineBlock.minecraft.furnace":2,"stat.useItem.minecraft.wooden_pickaxe":3,"stat.pickup.minecraft.planks":11,"stat.pickup.minecraft.reeds":3,"tombstone:undead_killed":7,"stat.pickup.minecraft.wheat_seeds":13,"stat.pickup.minecraft.potato":55,"stat.useItem.minecraft.stone_pickaxe":16,"stat.damageDealt":3889,"stat.mineBlock.minecraft.dirt":1,"stat.killEntity.Pig":8,"stat.walkOneCm":109119,"stat.useItem.minecraft.bread":6,"stat.pickup.minecraft.crafting_table":3,"stat.craftItem.minecraft.crafting_table":1,"stat.mineBlock.minecraft.double_plant":1,"stat.pickup.minecraft.log":14,"stat.useItem.tombstone.gift":1,"stat.drop.minecraft.sapling":1,"stat.pickup.minecraft.chicken":1,"stat.entityKilledBy.cqr_skeleton":2,"stat.pickup.minecraft.sapling":1,"stat.killEntity.Skeleton":1,"stat.craftItem.minecraft.planks":56,"stat.killEntity.Spider":1,"stat.mobKills":22,"stat.pickup.minecraft.book":21,"stat.mineBlock.minecraft.log":14,"stat.mineBlock.minecraft.bookshelf":7,"stat.mineBlock.minecraft.leaves":6,"stat.sneakTime":595,"stat.pickup.minecraft.wool":5,"stat.drop.minecraft.stone_axe":1,"stat.mineBlock.minecraft.stone":5}