{"stat.craftItem.minecraft.furnace":1,"stat.walkOneCm":17095,"stat.craftItem.minecraft.planks":64,"stat.leaveGame":2,"stat.craftItem.minecraft.stone_axe":1,"stat.pickup.minecraft.crafting_table":2,"stat.mineBlock.minecraft.cobblestone":1,"stat.damageTaken":40,"stat.mineBlock.minecraft.crafting_table":2,"stat.useItem.minecraft.cobblestone":2,"stat.craftItem.minecraft.crafting_table":1,"stat.craftItem.minecraft.stone_pickaxe":1,"stat.useItem.minecraft.wooden_pickaxe":4,"stat.pickup.astralsorcery.itemcraftingcomponent":5,"stat.pickup.minecraft.cobblestone":18,"stat.mineBlock.minecraft.coal_ore":21,"stat.mineBlock.minecraft.log":16,"stat.pickup.minecraft.log":16,"stat.flyOneCm":13656,"stat.jump":115,"stat.mineBlock.minecraft.leaves":3,"stat.swimOneCm":1699,"stat.playOneMinute":8190,"stat.pickup.minecraft.coal":21,"stat.fallOneCm":2630,"stat.useItem.minecraft.stone_pickaxe":37,"stat.sneakTime":239,"stat.useItem.minecraft.stone_axe":7,"stat.damageDealt":48,"stat.mineBlock.astralsorcery.blockcustomsandore":3,"stat.crouchOneCm":897,"stat.timeSinceDeath":8190,"stat.craftItem.minecraft.torch":4,"stat.pickup.minecraft.sapling":3,"stat.pickup.minecraft.dirt":1,"stat.sprintOneCm":12233,"stat.mineBlock.minecraft.dirt":1,"stat.useItem.minecraft.stone_slab2":3,"stat.craftItem.minecraft.wooden_pickaxe":1,"stat.mineBlock.minecraft.stone":17,"stat.diveOneCm":432,"stat.craftItem.minecraft.stick":12,"stat.craftingTableInteraction":5}