{"stat.pickup.astralsorcery.itemjournal":1,"stat.pickup.minecraft.log":2,"stat.flyOneCm":4741,"stat.walkOneCm":6450,"stat.drop":1,"stat.jump":26,"stat.playOneMinute":1358,"stat.fallOneCm":743,"stat.killEntity.Sheep":1,"stat.sneakTime":4,"stat.pickup.minecraft.wool":1,"stat.damageTaken":70,"stat.damageDealt":82,"stat.crouchOneCm":43,"stat.timeSinceDeath":1358,"stat.drop.astralsorcery.itemjournal":1,"stat.sprintOneCm":4251,"stat.mobKills":1,"stat.mineBlock.minecraft.log":2,"stat.mineBlock.minecraft.tallgrass":1,"stat.pickup.minecraft.mutton":2}