{"stat.chestOpened":9,"stat.walkOneCm":81371,"stat.useItem.minecraft.bread":2,"stat.pickup.minecraft.bone":1,"stat.drop.tombstone.crafting_ingredient":1,"stat.leaveGame":1,"stat.pickup.minecraft.crafting_table":4,"stat.craftItem.tconstruct.edible":4,"stat.useItem.minecraft.chicken":1,"stat.craftItem.minecraft.crafting_table":2,"stat.mineBlock.minecraft.yellow_flower":1,"stat.mineBlock.tconstruct.slime_leaves":1,"stat.pickup.tconstruct.edible":13,"stat.useItem.minecraft.porkchop":20,"stat.talkedToVillager":1,"stat.pickup.minecraft.log":18,"stat.pickup.minecraft.string":4,"stat.craftItem.tconstruct.slimesling":1,"stat.swimOneCm":19231,"stat.jump":1272,"stat.fallOneCm":22406,"stat.useItem.minecraft.planks":135,"stat.climbOneCm":75,"stat.useItem.tombstone.gift":1,"stat.pickup.minecraft.furnace":2,"stat.pickup.tombstone.crafting_ingredient":1,"stat.entityKilledBy.Skeleton":1,"stat.craftItem.tconstruct.slime_boots":1,"stat.pickup.minecraft.carrot":1,"stat.useItem.minecraft.stone_axe":122,"stat.pickup.minecraft.porkchop":20,"stat.craftItem.minecraft.bread":6,"stat.crouchOneCm":4161,"stat.pickup.minecraft.chicken":1,"stat.sprintOneCm":101405,"stat.useItem.minecraft.stone_slab2":9,"stat.craftItem.minecraft.stick":8,"stat.craftItem.minecraft.wooden_axe":1,"stat.craftingTableInteraction":12,"stat.pickup.minecraft.rotten_flesh":2,"stat.pickup.tconstruct.slime_congealed":21,"stat.entityKilledBy.mutantbeasts.mutant_skeleton":1,"stat.drop.quark.tallow":5,"stat.craftItem.minecraft.planks":236,"stat.killEntity.Chicken":1,"stat.craftItem.minecraft.stone_axe":1,"stat.mineBlock.minecraft.leaves2":5,"stat.mineBlock.minecraft.log2":55,"stat.mineBlock.minecraft.crafting_table":5,"stat.pickup.minecraft.feather":1,"stat.damageTaken":1055,"stat.killEntity.Spider":2,"stat.craftItem.minecraft.stone_pickaxe":1,"stat.killEntity.tconstruct.blueslime":4,"stat.mineBlock.minecraft.furnace":2,"stat.useItem.minecraft.wooden_pickaxe":7,"stat.pickup.minecraft.slime":1,"stat.mobKills":20,"stat.pickup.minecraft.cobblestone":7,"stat.mineBlock.minecraft.log":18,"stat.pickup.minecraft.log2":54,"stat.entityKilledBy.Creeper":1,"stat.mineBlock.tconstruct.slime_vine_purple_mid":2,"stat.pickup.minecraft.reeds":3,"stat.flyOneCm":692961,"stat.deaths":3,"tombstone:undead_killed":3,"stat.pickup.minecraft.wheat_seeds":90,"stat.drop":7,"stat.mineBlock.minecraft.leaves":3,"stat.pickup.minecraft.potato":5,"stat.playOneMinute":46883,"stat.useItem.minecraft.stone_pickaxe":29,"stat.craftItem.tconstruct.slime_congealed":1,"stat.sneakTime":726,"stat.pickup.quark.tallow":23,"stat.damageDealt":2311,"stat.craftItem.minecraft.slime":1,"stat.killEntity.Zombie":3,"stat.timeSinceDeath":9242,"stat.drop.minecraft.yellow_flower":1,"stat.useItem.minecraft.wooden_axe":27,"stat.pickup.minecraft.yellow_flower":1,"stat.useItem.minecraft.crafting_table":1,"stat.killEntity.Pig":10,"stat.craftItem.minecraft.wooden_pickaxe":1,"stat.mineBlock.minecraft.stone":7,"stat.mineBlock.minecraft.tallgrass":28,"stat.diveOneCm":70252,"stat.craftItem.minecraft.slime_ball":16,"stat.mineBlock.tconstruct.slime_grass_tall":1,"stat.pickup.minecraft.wheat":33,"stat.craftItem.tconstruct.slime":1}