{"stat.walkOneCm":18918,"stat.playerKills":1,"stat.craftItem.minecraft.planks":20,"stat.pickup.minecraft.gravel":1,"stat.pickup.minecraft.crafting_table":2,"stat.damageTaken":650,"stat.mineBlock.minecraft.crafting_table":2,"stat.killEntity.mocreatures:panther":1,"stat.pickup.minecraft.flint":1,"stat.craftItem.minecraft.crafting_table":1,"stat.useItem.minecraft.wooden_pickaxe":1,"stat.pickup.astralsorcery.itemcraftingcomponent":4,"stat.mobKills":14,"stat.mineBlock.minecraft.log":12,"stat.pickup.minecraft.log":11,"stat.flyOneCm":42807,"stat.deaths":2,"stat.jump":259,"stat.swimOneCm":6758,"stat.mineBlock.minecraft.leaves":5,"stat.playOneMinute":10265,"stat.fallOneCm":9001,"stat.useItem.tombstone.gift":1,"stat.killEntity.Sheep":9,"stat.entityKilledBy.mutantbeasts.mutant_creeper":1,"stat.sneakTime":956,"stat.pickup.minecraft.wool":9,"stat.pickup.quark.tallow":10,"stat.damageDealt":1470,"stat.pickup.minecraft.porkchop":10,"stat.mineBlock.astralsorcery.blockcustomsandore":1,"stat.crouchOneCm":2641,"stat.timeSinceDeath":3179,"stat.useItem.minecraft.wooden_axe":32,"stat.pickup.minecraft.sapling":4,"stat.pickup.minecraft.dirt":5,"stat.sprintOneCm":28764,"stat.mineBlock.minecraft.dirt":5,"stat.useItem.minecraft.stone_slab2":3,"stat.craftItem.minecraft.wooden_pickaxe":1,"stat.killEntity.Pig":4,"stat.mineBlock.minecraft.tallgrass":2,"stat.diveOneCm":3127,"stat.pickup.minecraft.mutton":13,"stat.craftItem.minecraft.stick":8,"stat.craftItem.minecraft.wooden_axe":1,"stat.craftingTableInteraction":2}