{"stat.chestOpened":33,"stat.useItem.minecraft.bow":1,"stat.drop.srparasites.lurecomponent1":4,"stat.leaveGame":1,"stat.pickup.minecraft.arrow":1,"stat.pickup.minecraft.leather_chestplate":1,"stat.useItem.minecraft.diamond_sword":204,"stat.pickup.minecraft.diamond_sword":1,"stat.swimOneCm":28677,"stat.jump":901,"stat.pickup.minecraft.fence":3,"stat.pickup.minecraft.coal":17,"stat.fallOneCm":17685,"stat.useItem.minecraft.planks":42,"stat.climbOneCm":1008,"stat.useItem.tombstone.familiar_stone":1,"stat.crouchOneCm":20926,"stat.craftItem.minecraft.torch":8,"stat.pickup.minecraft.dirt":1,"stat.useItem.minecraft.stone_slab2":13,"stat.craftingTableInteraction":5,"stat.pickup.minecraft.sand":1,"stat.boatOneCm":21663,"stat.pickup.minecraft.map":1,"stat.killEntity.cqr_pirate":24,"stat.mineBlock.minecraft.glass_pane":7,"stat.damageTaken":2379,"stat.craftItem.minecraft.stone_pickaxe":1,"stat.useItem.minecraft.wooden_pickaxe":3,"stat.pickup.minecraft.cobblestone":3,"stat.pickup.minecraft.planks":7,"stat.flyOneCm":157917,"stat.useItem.minecraft.ender_pearl":2,"stat.pickup.minecraft.wheat_seeds":3,"stat.mineBlock.minecraft.sand":1,"stat.useItem.minecraft.stone_pickaxe":23,"stat.damageDealt":14965,"stat.useItem.minecraft.wool":2,"stat.timeSinceDeath":42275,"stat.mineBlock.minecraft.dirt":1,"stat.pickup.tombstone.voodoo_poppet":1,"stat.craftItem.minecraft.wooden_pickaxe":1,"stat.killEntity.cqr_pirate_captain":1,"stat.drop.minecraft.chainmail_leggings":1,"stat.walkOneCm":93936,"stat.useItem.minecraft.torch":7,"stat.useItem.minecraft.bread":28,"stat.pickup.minecraft.stick":5,"stat.pickup.minecraft.crafting_table":1,"stat.craftItem.minecraft.crafting_table":2,"stat.useItem.cqrepoured.dagger_iron":20,"stat.mineBlock.minecraft.coal_ore":17,"stat.craftItem.minecraft.boat":1,"stat.pickup.srparasites.lurecomponent1":4,"stat.killEntity.Creeper":1,"stat.talkedToVillager":1,"stat.pickup.minecraft.log":22,"stat.mineBlock.minecraft.ladder":1,"stat.useItem.tombstone.gift":1,"stat.pickup.minecraft.tnt":1,"stat.entityKilledBy.Skeleton":1,"stat.mineBlock.minecraft.wool":3,"stat.pickup.minecraft.chainmail_leggings":1,"stat.pickup.minecraft.sapling":1,"stat.sprintOneCm":82826,"stat.pickup.minecraft.ladder":1,"stat.craftItem.minecraft.stick":12,"stat.craftItem.minecraft.wooden_axe":2,"stat.pickup.minecraft.gold_ingot":1,"stat.mineBlock.minecraft.tnt":1,"stat.drop.minecraft.chainmail_boots":1,"stat.pickup.cqrepoured.bullet_diamond":5,"stat.useItem.minecraft.iron_sword":107,"stat.craftItem.minecraft.planks":68,"stat.mineBlock.minecraft.fence":4,"stat.mineBlock.minecraft.crafting_table":1,"stat.killEntity.Spider":1,"stat.useItem.minecraft.carrot":3,"stat.mobKills":37,"stat.pickup.minecraft.diamond_chestplate":1,"stat.mineBlock.minecraft.log":24,"stat.useItem.minecraft.beef":3,"stat.useItem.minecraft.golden_apple":1,"stat.useItem.minecraft.boat":1,"stat.mineBlock.minecraft.planks":9,"stat.deaths":1,"stat.drop":3,"stat.mineBlock.minecraft.leaves":7,"stat.playOneMinute":49213,"stat.pickup.cqrepoured.bullet_iron":79,"stat.sneakTime":8292,"stat.pickup.minecraft.wool":3,"stat.useItem.minecraft.wooden_axe":29,"stat.mineBlock.minecraft.stone":3,"stat.mineBlock.minecraft.tallgrass":10,"stat.diveOneCm":33080}